business_id,name,rest_stars,review_count,postal_code,item,item_ave_star
-6nQZ-QCkAyNHdtaxOxDpQ,Bimini Juice Bar & Salad Bar,4.0,79,19123,"['waffle', 'hash browns', 'appetizer', 'milkshake', 'jam', 'pizza', 'curry tofu wrap', 'sandwich', 'udon noodle salad', 'fake meat', 'taco salad']",4.0
-NG3pA9LEXCxt0Fjd_aYYA,Linda's Vegetarian Village Restaurant,4.5,45,19144,"['waffle', 'hash browns', 'Falafel Sandwich', 'jam', 'Falafel', 'pizza', 'curry tofu wrap', 'sandwich', 'taco salad']",4.0
-lT5o2BF6ZvSsh8PvpVOgQ,Goldie,4.0,53,19130,"['waffle', 'hash browns', 'jam', 'pizza', 'curry tofu wrap', 'sandwich', 'udon noodle salad', 'taco salad']",4.0
-wwhD6SwDOJZlbZkHlIchQ,Hummusology,4.5,179,19107,"['waffle', 'appetizer', 'jam', 'pizza', 'udon noodle salad', 'pickle', 'ice cream', 'guacamole', 'hash browns', 'Falafel Sandwich', 'sweet potato fries', 'Caesar salad', 'potato salad', 'meat substitutes', 'milkshake', 'curry', 'spring roll', 'curry tofu wrap', 'green lemonade', 'spinach salad', 'vegpizza', 'fake meat', 'dairy']",5.0
0IEn6AxLNFfdfuwd2bQlbQ,Golden Empress Garden,3.5,181,19147,"['waffle', 'appetizer', 'jam', 'pizza', 'udon noodle salad', 'pickle', 'ice cream', 'guacamole', 'brussel sprouts', 'hash browns', 'sweet potato fries', 'potato salad', 'Caesar salad', 'meat substitutes', 'milkshake', 'curry', 'spring roll', 'curry tofu wrap', 'green lemonade', 'spinach salad', 'vegpizza', 'fake meat', 'dairy']",5.0
0vfmJXYVLZAMpUuNJx6ejw,Grindcore House,4.5,25,19104,"['waffle', 'hash browns', 'curry tofu wrap', 'pizza', 'taco salad']",4.0
1fZSiIItAjn8JiDm9HUYvw,Home Cuban Cafe,4.5,19,19106,"['waffle', 'hash browns', 'sweet potato fries', 'curry tofu wrap', 'pizza']",4.0
1pZ-gkuPzYARrljU3YRt_A,Vegan Tree-Spicy Pot Truck,4.5,16,19122,"['waffle', 'hash browns', 'sweet potato fries', 'curry tofu wrap', 'pizza']",4.0
2CDI713ATuxHfnB5b-sBdw,Vedge,4.5,1447,19107,"['Vedge', 'waffle', 'pasta', 'appetizer', 'faux meat', 'burrito', 'bananwhip', 'meat substitute', 'jam', 'cupcake', 'chips', 'cookie', 'udon noodle salad', 'pickle', 'artichoke', 'buffalo sauce', 'home fries', 'beet salad', 'iced coffee', 'guacamole', 'fruit', 'brussel sprouts', 'kale lemonade', 'ice cream', 'hash browns', 'sweet potato fries', 'pancake', 'mock meat', 'hot chocolate', 'soda', 'Toffee Pudding', 'cheese fries', 'celery', 'Caesar salad', 'potato salad', 'green tea', 'meat substitutes', 'cream', 'vegcheese steak', 'eggplant dish', 'milkshake', 'pickled cauliflower', 'mozzarellsticks', 'Pot de Creme', 'vanillice cream', 'spring roll', 'cherry', 'curry tofu wrap', 'lentil soup', 'Mac&Cheese', 'Chocolate Uber Chunk', 'pepper', 'capers', 'green lemonade', 'orange juice', 'spinach salad', 'gluten free bread', 'frozen yogurt', 'arugultaco salad', 'melted cheese', 'Cobb salad', 'brownie', 'fried tofu', 'cucumber salad', 'chocolate chip cookie', 'carrot', 'lemonade', 'vegpizza', 'DDnoodles', 'toast', 'fake meat', 'dairy', 'tea', 'taco']",4.0
2LokHe7GtKZD9Q6w0dRe_A,Queen & Rook Game Cafe,4.5,66,19147,"['waffle', 'hash browns', 'milkshake', 'jam', 'pizza', 'curry tofu wrap', 'sandwich', 'udon noodle salad', 'fake meat', 'taco salad']",4.0
2f6NaQVGTM59OGvsdT9pxg,Mood Indian Restaurant,4.0,100,19123,"['waffle', 'hash browns', 'appetizer', 'curry', 'milkshake', 'Palak Paneer', 'jam', 'spring roll', 'pizza', 'curry tofu wrap', 'sandwich', 'udon noodle salad', 'Korma', 'SamosChaat', 'vegpizza', 'meat substitutes', 'fake meat', 'TikkMasala']",5.0
2yuwjVRHUCs9tCAYjISaag,The Barn,3.5,53,19143,"['waffle', 'hash browns', 'milkshake', 'jam', 'pizza', 'curry tofu wrap', 'sandwich', 'udon noodle salad', 'fake meat', 'taco salad']",4.0
45ClmqPAagmNvdUojFULZA,sweetgreen,3.5,199,19104,"['waffle', 'appetizer', 'bananwhip', 'jam', 'pizza', 'udon noodle salad', 'pickle', 'ice cream', 'guacamole', 'brussel sprouts', 'hash browns', 'sweet potato fries', 'Caesar salad', 'potato salad', 'meat substitutes', 'milkshake', 'curry', 'spring roll', 'curry tofu wrap', 'green lemonade', 'spinach salad', 'vegpizza', 'Coke', 'Harvest Bowl', 'fake meat', 'dairy']",4.0
4D_GsaRoqk7P09VOcgezlQ,B2,3.5,187,19147,"['waffle', 'appetizer', 'jam', 'pizza', 'udon noodle salad', 'pickle', 'ice cream', 'guacamole', 'Brie', 'brussel sprouts', 'hash browns', 'sweet potato fries', 'potato salad', 'Caesar salad', 'meat substitutes', 'curry', 'milkshake', 'spring roll', 'curry tofu wrap', 'green lemonade', 'spinach salad', 'vegpizza', 'fake meat', 'dairy']",5.0
4JTY29QkmdbmpMms3Midqg,Philly Tacos,4.5,85,19146,"['waffle', 'hash browns', 'appetizer', 'milkshake', 'jam', 'pizza', 'curry tofu wrap', 'sandwich', 'udon noodle salad', 'Coke', 'fake meat']",5.0
5E7Zk3g6kLsB72J4EX4YkA,Bufad,4.0,266,19123,"['waffle', 'appetizer', 'bananwhip', 'jam', 'pizza', 'udon noodle salad', 'pickle', 'beet salad', 'ice cream', 'guacamole', 'brussel sprouts', 'hash browns', 'sweet potato fries', 'Caesar salad', 'potato salad', 'meat substitutes', 'curry', 'milkshake', 'spring roll', 'curry tofu wrap', 'green lemonade', 'spinach salad', 'broccoli rabe', 'vegpizza', 'Margherita', 'fake meat', 'dairy']",4.0
617w8MQE3z1szmLvs0WfCw,Bar Bombón,4.0,734,19103,"['waffle', 'appetizer', 'faux meat', 'burrito', 'bananwhip', 'jam', 'cupcake', 'chips', 'cookie', 'pico de gallo', 'udon noodle salad', 'pickle', 'buffalo sauce', 'Chocolate Chip BananPancakes', 'home fries', 'beet salad', 'Verde Maria', 'ice cream', 'guacamole', 'fruit', 'brussel sprouts', 'Tofu', 'hash browns', 'sweet potato fries', 'soda', 'cheese fries', 'celery', 'Tres Leches', 'potato salad', 'Caesar salad', 'meat substitutes', 'Hearts of Palm Ceviche', 'milkshake', 'pickled cauliflower', 'curry', 'mozzarellsticks', 'Mergheritas', 'vanillice cream', 'spring roll', 'cherry', 'curry tofu wrap', 'chocolate chip cookie', 'pepper', 'capers', 'green lemonade', 'spinach salad', 'arugultaco salad', 'frozen yogurt', 'melted cheese', 'brownie', 'cucumber salad', 'BK Breakfast', 'carrot', 'Nachos', 'vegpizza', 'Coke', 'fake meat', 'dairy', 'tea', 'taco']",4.333333333333333
65m_3aPnCbDjm8nOd5TrQA,Loving Hut,4.0,32,19147,"['waffle', 'hash browns', 'pizza', 'curry tofu wrap', 'Coke', 'taco salad']",5.0
6ewV-e7-39oqYUq3yZuIyw,Sabrina's Café,4.0,833,19104,"['waffle', 'pasta', 'appetizer', 'faux meat', 'burrito', 'bananwhip', 'jam', 'cupcake', 'chips', 'cookie', 'udon noodle salad', 'pickle', 'buffalo sauce', 'home fries', 'beet salad', 'iced coffee', 'guacamole', 'fruit', 'brussel sprouts', 'ice cream', 'hash browns', 'sweet potato fries', 'soda', 'cheese fries', 'celery', 'Caesar salad', 'potato salad', 'meat substitutes', 'green tea', 'milkshake', 'pickled cauliflower', 'curry', 'mozzarellsticks', 'vanillice cream', 'spring roll', 'cherry', 'curry tofu wrap', 'Mac&Cheese', 'chocolate chip cookie', 'pepper', 'capers', 'green lemonade', 'spinach salad', 'arugultaco salad', 'frozen yogurt', 'melted cheese', 'brownie', 'Toast', 'cucumber salad', 'carrot', 'vegpizza', 'fake meat', 'dairy', 'tea', 'taco']",5.0
6h7C53qLfwM7v3zKRqG0yA,Iztaccihuatl,4.0,132,19147,"['waffle', 'appetizer', 'jam', 'pizza', 'udon noodle salad', 'pickle', 'guacamole', 'hash browns', 'Caesar salad', 'meat substitutes', 'curry', 'milkshake', 'spring roll', 'curry tofu wrap', 'green lemonade', 'spinach salad', 'Nachos', 'vegpizza', 'fake meat', 'dairy']",4.0
7BmboJEmyQ_DAgTCoCgpgg,Vientiane Bistro,4.5,67,19125,"['waffle', 'hash browns', 'Coconut Soup', 'pad Thai', 'milkshake', 'jam', 'pizza', 'curry tofu wrap', 'sandwich', 'Tamarind Wings', 'udon noodle salad', 'Pad Kee Mao', 'fake meat', 'Pad Thai', 'Spring Roll', 'taco salad']",5.0
7NwFNLC0SwX1SwQYlfF5yw,Luna Café,4.0,444,19106,"['waffle', 'appetizer', 'bananwhip', 'jam', 'cookie', 'udon noodle salad', 'pickle', 'home fries', 'beet salad', 'ice cream', 'guacamole', 'fruit', 'brussel sprouts', 'hash browns', 'sweet potato fries', 'soda', 'cheese fries', 'celery', 'potato salad', 'Caesar salad', 'meat substitutes', 'milkshake', 'pickled cauliflower', 'curry', 'mozzarellsticks', 'vanillice cream', 'spring roll', 'cherry', 'curry tofu wrap', 'Mac&Cheese', 'green lemonade', 'spinach salad', 'melted cheese', 'carrot', 'broccoli rabe', 'vegpizza', 'kale lemonade', 'fake meat', 'dairy', 'taco']",4.0
7kLE0V9Pid6dx1vD4-jQfQ,Maoz Vegetarian,4.0,159,19147,"['waffle', 'appetizer', 'jam', 'pizza', 'udon noodle salad', 'pickle', 'ice cream', 'guacamole', 'hash browns', 'Caesar salad', 'potato salad', 'meat substitutes', 'curry', 'milkshake', 'spring roll', 'curry tofu wrap', 'green lemonade', 'spinach salad', 'vegpizza', 'fake meat', 'dairy']",4.0
8HAs-c3bh_tr4ggiYAlZng,sweetgreen,3.5,173,19107,"['waffle', 'appetizer', 'jam', 'pizza', 'udon noodle salad', 'pickle', 'ice cream', 'guacamole', 'hash browns', 'sweet potato fries', 'Caesar salad', 'potato salad', 'meat substitutes', 'curry', 'milkshake', 'spring roll', 'curry tofu wrap', 'green lemonade', 'spinach salad', 'vegpizza', 'Harvest Bowl', 'fake meat', 'dairy']",4.0
8fN1DiPUUWAhLsZW4xSSJQ,Delicias,3.5,61,19104,"['waffle', 'hash browns', 'milkshake', 'jam', 'pizza', 'curry tofu wrap', 'sandwich', 'udon noodle salad', 'fake meat', 'taco salad']",5.0
8yZzf0gdWpSmY6ziyq7hKQ,Sazon Restaurant & Cafe,4.0,370,19123,"['waffle', 'appetizer', 'bananwhip', 'jam', 'pizza', 'udon noodle salad', 'pickle', 'home fries', 'beet salad', 'ice cream', 'guacamole', 'fruit', 'brussel sprouts', 'hash browns', 'sweet potato fries', 'cheese fries', 'potato salad', 'Caesar salad', 'meat substitutes', 'milkshake', 'pickled cauliflower', 'curry', 'mozzarellsticks', 'spring roll', 'curry tofu wrap', 'green lemonade', 'spinach salad', 'arugultaco salad', 'melted cheese', 'broccoli rabe', 'vegpizza', 'kale lemonade', 'fake meat', 'dairy', 'taco']",4.0
99e7bysta1myyrQogFEWUQ,Dock Street Brewery,4.0,549,19143,"['waffle', 'appetizer', 'burrito', 'bananwhip', 'jam', 'cupcake', 'cookie', 'udon noodle salad', 'pickle', 'buffalo sauce', 'home fries', 'beet salad', 'ice cream', 'Brie', 'guacamole', 'brussel sprouts', 'fruit', 'hash browns', 'sweet potato fries', 'soda', 'cheese fries', 'celery', 'Caesar salad', 'meat substitutes', 'potato salad', 'milkshake', 'pickled cauliflower', 'curry', 'mozzarellsticks', 'vanillice cream', 'spring roll', 'cherry', 'curry tofu wrap', 'chocolate chip cookie', 'green lemonade', 'spinach salad', 'arugultaco salad', 'frozen yogurt', 'melted cheese', 'brownie', 'carrot', 'broccoli rabe', 'vegpizza', 'Margherita', 'fake meat', 'dairy', 'tea', 'taco']",5.0
9A5Gw0At6so0x-vWM0_JZw,Grindcore House,4.5,338,19147,"['waffle', 'appetizer', 'bananwhip', 'jam', 'pizza', 'udon noodle salad', 'pickle', 'home fries', 'beet salad', 'ice cream', 'guacamole', 'fruit', 'brussel sprouts', 'hash browns', 'sweet potato fries', 'Caesar salad', 'potato salad', 'meat substitutes', 'milkshake', 'curry', 'spring roll', 'curry tofu wrap', 'green lemonade', 'spinach salad', 'arugultaco salad', 'melted cheese', 'broccoli rabe', 'vegpizza', 'kale lemonade', 'fake meat', 'dairy']",4.0
9e_rrzyTolsH1RUXHOvsMA,Circles Contemporary Thai,3.5,394,19123,"['waffle', 'appetizer', 'bananwhip', 'jam', 'Burrito', 'udon noodle salad', 'pickle', 'home fries', 'beet salad', 'Pad Thai', 'ice cream', 'guacamole', 'fruit', 'brussel sprouts', 'hash browns', 'sweet potato fries', 'soda', 'cheese fries', 'Caesar salad', 'potato salad', 'meat substitutes', 'Spring Roll', 'pad Thai', 'milkshake', 'pickled cauliflower', 'curry', 'mozzarellsticks', 'spring roll', 'curry tofu wrap', 'green lemonade', 'spinach salad', 'arugultaco salad', 'Pad Kee Mao', 'melted cheese', 'Dumplings', 'broccoli rabe', 'vegpizza', 'kale lemonade', 'fake meat', 'dairy', 'taco']",4.166666666666667
9m6GQp45QBEydlyE6DywCw,honeygrow,3.5,77,19107,"['waffle', 'hash browns', 'appetizer', 'milkshake', 'jam', 'pizza', 'curry tofu wrap', 'sandwich', 'udon noodle salad', 'fake meat']",5.0
9nEASTWzpz2MildruqjFhg,Wiz Kid,4.0,52,19130,"['waffle', 'hash browns', 'jam', 'pizza', 'curry tofu wrap', 'sandwich', 'udon noodle salad', 'taco salad']",4.0
9rdEIoILba8wSZcrTLFzNA,Vegan Tree,4.0,195,19147,"['waffle', 'appetizer', 'bananwhip', 'jam', 'pizza', 'udon noodle salad', 'pickle', 'ice cream', 'guacamole', 'brussel sprouts', 'hash browns', 'sweet potato fries', 'potato salad', 'Caesar salad', 'meat substitutes', 'milkshake', 'curry', 'Mac&Cheese', 'spring roll', 'curry tofu wrap', 'green lemonade', 'spinach salad', 'vegpizza', 'fake meat', 'dairy']",5.0
9ujreFoSYcURn43VkCkIhQ,Agno Grill,4.0,225,19103,"['waffle', 'appetizer', 'bananwhip', 'jam', 'pizza', 'udon noodle salad', 'pickle', 'beet salad', 'ice cream', 'guacamole', 'brussel sprouts', 'hash browns', 'sweet potato fries', 'fake chicken', 'potato salad', 'Caesar salad', 'meat substitutes', 'milkshake', 'curry', 'spring roll', 'curry tofu wrap', 'green lemonade', 'spinach salad', 'vegpizza', 'fake meat', 'dairy']",5.0
A3Qt87F7ZaAwCW4CyyB1Fw,Dottie's Donuts,4.5,206,19143,"['waffle', 'appetizer', 'bananwhip', 'jam', 'pizza', 'udon noodle salad', 'pickle', 'beet salad', 'ice cream', 'guacamole', 'brussel sprouts', 'hash browns', 'sweet potato fries', 'Caesar salad', 'potato salad', 'meat substitutes', 'curry', 'milkshake', 'spring roll', 'curry tofu wrap', 'green lemonade', 'spinach salad', 'Oreo', 'vegpizza', 'fake meat', 'dairy']",4.0
AY1SyySRyTnBwBdf7qfGxQ,Citi Market place,4.5,86,19107,"['waffle', 'hash browns', 'appetizer', 'milkshake', 'jam', 'pizza', 'curry tofu wrap', 'udon noodle salad', 'vegpizza', 'Reuben', 'fake meat']",5.0
AfM_dYO_LTqQz33qHbT45A,"Mamoun's Falafel - Philadelphia, PA",4.0,96,19106,"['waffle', 'hash browns', 'appetizer', 'milkshake', 'curry', 'jam', 'spring roll', 'pizza', 'curry tofu wrap', 'udon noodle salad', 'vegpizza', 'fake meat']",4.0
Aw9Tldxcg5ifodzn0R2O6g,Blackbird Pizzeria,4.0,248,19123,"['waffle', 'appetizer', 'bananwhip', 'jam', 'pizza', 'udon noodle salad', 'pickle', 'beet salad', 'ice cream', 'guacamole', 'brussel sprouts', 'hash browns', 'sweet potato fries', 'potato salad', 'Caesar salad', 'meat substitutes', 'milkshake', 'curry', 'spring roll', 'curry tofu wrap', 'green lemonade', 'spinach salad', 'Fries', 'broccoli rabe', 'vegpizza', 'fake meat', 'dairy']",5.0
B2MKYwShNmBiaQ3EJadR-Q,honeygrow,3.5,46,19122,"['waffle', 'hash browns', 'jam', 'pizza', 'curry tofu wrap', 'sandwich', 'taco salad']",4.0
BELS5YkYjDFkpbM2FuDdaA,Nourish,4.5,90,19147,"['waffle', 'hash browns', 'appetizer', 'milkshake', 'jam', 'Mac&Cheese', 'pizza', 'spring roll', 'curry tofu wrap', 'udon noodle salad', 'cheese', 'vegpizza', 'fake meat']",5.0
BO4L5vmX7pwwiQiIz7QbsQ,sweetgreen,4.0,35,19103,"['waffle', 'hash browns', 'pizza', 'curry tofu wrap', 'sandwich', 'Harvest Bowl', 'taco salad']",5.0
C6cOQD3ELF38AeYgtfw0Dw,Nile Cafe,4.5,83,19144,"['waffle', 'hash browns', 'appetizer', 'milkshake', 'jam', 'pizza', 'curry tofu wrap', 'sandwich', 'udon noodle salad', 'fake meat', 'Oreo', 'taco salad']",4.0
CxXYiJBkq9kqsgtdagqVgw,Bacio,4.0,183,19119,"['waffle', 'appetizer', 'jam', 'pizza', 'udon noodle salad', 'pickle', 'ice cream', 'guacamole', 'brussel sprouts', 'hash browns', 'sweet potato fries', 'Caesar salad', 'potato salad', 'meat substitutes', 'curry', 'milkshake', 'spring roll', 'curry tofu wrap', 'green lemonade', 'spinach salad', 'vegpizza', 'fake meat', 'dairy']",4.0
CyZrPCmQqMbXdD6SX02f6w,Jerry's Kitchen,4.5,36,19104,"['waffle', 'hash browns', 'curry tofu wrap', 'pizza', 'sandwich', 'taco salad']",5.0
Dv6RfXLYe1atjgz3Xf4GGw,HipCityVeg,4.0,1082,19103,"['waffle', 'pasta', 'appetizer', 'faux meat', 'burrito', 'bananwhip', 'meat substitute', 'jam', 'cupcake', 'udon noodle salad', 'cookie', 'Crispy Hip City Ranch', 'Curry Tofu Wrap', 'pickle', 'buffalo sauce', 'home fries', 'beet salad', 'ice cream', 'guacamole', 'fruit', 'brussel sprouts', 'iced coffee', 'hash browns', 'sweet potato fries', 'pancake', 'Udon Noodle Salad', 'soda', 'cheese fries', 'celery', 'potato salad', 'Caesar salad', 'meat substitutes', 'green tea', 'Sweet Potato Fries', 'Udon', 'eggplant dish', 'milkshake', 'pickled cauliflower', 'Philly Cheese Steak', 'mozzarellsticks', 'vanillice cream', 'spring roll', 'cherry', 'curry tofu wrap', 'chocolate chip cookie', 'pepper', 'capers', 'green lemonade', 'orange juice', 'spinach salad', 'gluten free bread', 'frozen yogurt', 'arugultaco salad', 'melted cheese', 'brownie', 'fried tofu', 'cucumber salad', 'Fries', 'FajitWrap', 'carrot', 'Green Lemonade', 'vegpizza', 'Coke', 'fake meat', 'dairy', 'taco']",4.0
EAtdpksdWfWAaqh3XdnNNg,Essene Market & Café,3.5,149,19147,"['waffle', 'appetizer', 'jam', 'pizza', 'udon noodle salad', 'pickle', 'ice cream', 'guacamole', 'hash browns', 'Caesar salad', 'potato salad', 'meat substitutes', 'curry', 'milkshake', 'spring roll', 'curry tofu wrap', 'green lemonade', 'spinach salad', 'vegpizza', 'fake meat', 'dairy']",4.0
E_h2yNoagLK-3ODYwMPErw,V Street,4.5,739,19103,"['Lagos Brunch Bun', 'udon noodle salad', 'cookie', 'Carrot Choripan', 'guacamole', 'brussel sprouts', 'sweet potato fries', 'Dan', 'PeruviHome Fries', 'Knickerbocker Glory', 'milkshake', 'pickled cauliflower', 'vanillice cream', 'pepper', 'capers', 'green lemonade', 'spinach salad', 'frozen yogurt', 'Apple Cider Fritters', 'Banh mi sandwich', 'taco', 'Thai Tea', 'faux meat', 'cupcake', 'Cruz Control', 'TortillCobb Salad', 'Imli Soda', 'Shawarma', 'Byblos Bubbles', 'Po-boy Tacos', 'soda', 'Waffle', 'curry', 'mozzarellsticks', 'mi toast', 'cherry', 'Piri Piri Tofu', 'arugultaco salad', 'melted cheese', 'Mushroom DDNoodles', 'Kisi', 'carrot', 'Cauliflower ""65', 'Banh Mi Tofu', 'waffle', 'burrito', 'Arnold Palmer', 'jam', 'Red Lentil Ful', 'chips', 'Tofu bmi', 'Cookie Monster', 'pickle', 'Kung Pao Green Beans', 'Rose Lemonade', 'fruit', 'Boozy Mon', 'KFT Tacos', 'cheese fries', 'KF Tacos', 'Tempeh Reuben', 'Fried Tempeh Tacos', 'spring roll', 'curry tofu wrap', 'Summer Gold cocktail', 'Pho French Dip', 'Cauliflower 65', 'Mee goreng', 'vegpizza', 'Piri Piri', 'Sweetened Oat Milk Thai Ice Tea', 'DDnoodles', 'fake meat', 'dairy', 'tea', 'appetizer', 'bananwhip', 'Bubbly Byblos', 'buffalo sauce', 'home fries', 'beet salad', 'Tempeh Tacos', 'Banh Mi Toast', 'ice cream', 'hash browns', 'celery', 'Caesar salad', 'potato salad', 'meat substitutes', 'Waffles', 'Chocolate Filled Beignets', 'chocolate chip cookie', 'Stew', 'Singapore Noodles', 'brownie', 'cucumber salad', 'Fries']",4.5
EdopUxxfxqEA79Vcy_dT3g,Fuel,3.5,262,19148,"['waffle', 'appetizer', 'bananwhip', 'jam', 'pizza', 'udon noodle salad', 'pickle', 'beet salad', 'ice cream', 'guacamole', 'brussel sprouts', 'hash browns', 'sweet potato fries', 'potato salad', 'Caesar salad', 'meat substitutes', 'milkshake', 'curry', 'spring roll', 'curry tofu wrap', 'green lemonade', 'spinach salad', 'broccoli rabe', 'vegpizza', 'fake meat', 'dairy']",5.0
FIDLmYEuCtSj_rc8lqaKFw,Saffron Patch - Authentic Indian Restaurant,4.0,64,19145,"['waffle', 'hash browns', 'milkshake', 'jam', 'pizza', 'curry tofu wrap', 'sandwich', 'udon noodle salad', 'fake meat', 'TikkMasala', 'taco salad']",4.5
GSw55M0Aq9D_78Ot8J51BQ,Delicias,4.0,19,19147,"['waffle', 'hash browns', 'sweet potato fries', 'pizza', 'curry tofu wrap', 'pico de gallo']",4.0
GaPP9IECXksFDYGoSX1Wvw,Kung Fu Hoagies,4.5,65,19104,"['waffle', 'hash browns', 'milkshake', 'jam', 'pizza', 'curry tofu wrap', 'sandwich', 'udon noodle salad', 'fake meat', 'taco salad']",5.0
GmdKnVxC7oA452WOS8W32g,Snap Kitchen,4.0,69,19103,"['waffle', 'hash browns', 'appetizer', 'milkshake', 'jam', 'pizza', 'curry tofu wrap', 'sandwich', 'udon noodle salad', 'fake meat', 'taco salad']",4.0
H3EK1Q8tqRGqPBps05Uahw,Tashan,4.0,395,19147,"['waffle', 'appetizer', 'bananwhip', 'jam', 'Saag Paneer', 'udon noodle salad', 'pickle', 'SamosChaat', 'home fries', 'beet salad', 'ice cream', 'guacamole', 'fruit', 'brussel sprouts', 'hash browns', 'sweet potato fries', 'Biryani', 'soda', 'cheese fries', 'Caesar salad', 'potato salad', 'meat substitutes', 'Make your own Bloody Mary', 'milkshake', 'pickled cauliflower', 'curry', 'mozzarellsticks', 'spring roll', 'curry tofu wrap', 'green lemonade', 'spinach salad', 'arugultaco salad', 'melted cheese', 'broccoli rabe', 'vegpizza', 'kale lemonade', 'fake meat', 'dairy', 'taco']",4.0
HtHIZmIOEaEIKaCROPtnsA,Mi Lah Vegetarian,3.5,213,19102,"['waffle', 'appetizer', 'bananwhip', 'jam', 'pizza', 'udon noodle salad', 'pickle', 'beet salad', 'Pad Thai', 'ice cream', 'guacamole', 'brussel sprouts', 'hash browns', 'sweet potato fries', 'fake chicken', 'potato salad', 'Caesar salad', 'meat substitutes', 'curry', 'milkshake', 'spring roll', 'curry tofu wrap', 'Daiya', 'green lemonade', 'spinach salad', 'vegpizza', 'fake meat', 'dairy']",5.0
Hy-gZGsEpgZhIaARnaBKdQ,Snap Kitchen,4.5,22,19147,"['waffle', 'hash browns', 'pizza', 'curry tofu wrap', 'taco salad']",4.0
J36em-jyd2inHyXC20jtXA,Tiffin,3.5,304,19123,"['waffle', 'Malai Kofta', 'appetizer', 'bananwhip', 'jam', 'pizza', 'Saag Paneer', 'udon noodle salad', 'pickle', 'beet salad', 'ice cream', 'guacamole', 'fruit', 'brussel sprouts', 'hash browns', 'sweet potato fries', 'Palak Paneer', 'potato salad', 'Caesar salad', 'meat substitutes', 'TikkMasala', 'curry', 'milkshake', 'spring roll', 'curry tofu wrap', 'green lemonade', 'spinach salad', 'melted cheese', 'broccoli rabe', 'vegpizza', 'Coke', 'fake meat', 'dairy']",4.666666666666667
JAMmjTFdUGBpV24K1riSjQ,Yellow Bicycle Canteen,5.0,13,19107,"['waffle', 'hash browns', 'sweet potato fries', 'curry tofu wrap', 'pizza']",4.0
JPfe9B-RLrE5Nz75kcKImQ,Govinda's Vegetarian,3.5,476,19146,"['waffle', 'appetizer', 'burrito', 'bananwhip', 'jam', 'cupcake', 'udon noodle salad', 'cookie', 'pickle', 'buffalo sauce', 'home fries', 'beet salad', 'ice cream', 'guacamole', 'fruit', 'brussel sprouts', 'hash browns', 'sweet potato fries', 'soda', 'cheese fries', 'celery', 'Caesar salad', 'potato salad', 'meat substitutes', 'milkshake', 'pickled cauliflower', 'curry', 'mozzarellsticks', 'vanillice cream', 'spring roll', 'cherry', 'curry tofu wrap', 'Daiya', 'green lemonade', 'spinach salad', 'melted cheese', 'carrot', 'broccoli rabe', 'vegpizza', 'fake meat', 'dairy', 'tea', 'taco']",4.0
JUiwOZynj3Wid_spJoxUug,Breezy's Cafe,4.5,41,19146,"['waffle', 'hash browns', 'pizza', 'curry tofu wrap', 'sandwich', 'taco salad', 'Brie']",4.0
JomDoQafikclSVVCPkWjnA,Cedar Park Cafe,4.0,301,19143,"['waffle', 'appetizer', 'bananwhip', 'jam', 'pizza', 'udon noodle salad', 'pickle', 'beet salad', 'ice cream', 'guacamole', 'fruit', 'brussel sprouts', 'hash browns', 'sweet potato fries', 'potato salad', 'Caesar salad', 'meat substitutes', 'milkshake', 'curry', 'spring roll', 'curry tofu wrap', 'green lemonade', 'spinach salad', 'melted cheese', 'broccoli rabe', 'vegpizza', 'fake meat', 'dairy']",4.166666666666667
JrG4NINLspXPNhSXg7Q07Q,Front Street Cafe,4.0,716,19122,"['waffle', 'Garlic Hummus', 'appetizer', 'faux meat', 'burrito', 'bananwhip', 'jam', 'cupcake', 'chips', 'cookie', 'udon noodle salad', 'pickle', 'buffalo sauce', 'home fries', 'beet salad', 'Reuben', 'ice cream', 'guacamole', 'fruit', 'brussel sprouts', 'Lillet Vive', 'hash browns', 'sweet potato fries', 'Stateside', 'soda', 'cheese fries', 'celery', 'potato salad', 'meat substitutes', 'Caesar salad', 'milkshake', 'pickled cauliflower', 'curry', 'mozzarellsticks', 'vanillice cream', 'spring roll', 'cherry', 'curry tofu wrap', 'Mac&Cheese', 'chocolate chip cookie', 'pepper', 'capers', 'green lemonade', 'spinach salad', 'arugultaco salad', 'frozen yogurt', 'melted cheese', 'brownie', 'Toast', 'cucumber salad', 'Fries', 'carrot', 'Strawberry Lemonade', 'bloody Maria', 'vegpizza', 'fake meat', 'dairy', 'tea', 'taco']",4.375
K0Mb7ebSa4DRUpEmfDZVuw,Luhv Vegan Deli,4.5,107,19107,"['waffle', 'hash browns', 'appetizer', 'milkshake', 'curry', 'jam', 'spring roll', 'pizza', 'curry tofu wrap', 'sandwich', 'udon noodle salad', 'vegpizza', 'Reuben', 'meat substitutes', 'fake meat']",4.0
K3RURR9lIEE4JjOaPt99zg,Sabrina's Café,4.0,1176,19147,"['waffle', 'pasta', 'appetizer', 'faux meat', 'burrito', 'meat substitute', 'bananwhip', 'jam', 'cupcake', 'udon noodle salad', 'cookie', 'artichoke', 'pickle', 'buffalo sauce', 'home fries', 'beet salad', 'iced coffee', 'guacamole', 'fruit', 'brussel sprouts', 'ice cream', 'hash browns', 'sweet potato fries', 'pancake', 'soda', 'cheese fries', 'celery', 'Caesar salad', 'potato salad', 'meat substitutes', 'green tea', 'eggplant dish', 'milkshake', 'pickled cauliflower', 'mozzarellsticks', 'vanillice cream', 'spring roll', 'cherry', 'curry tofu wrap', 'lentil soup', 'chocolate chip cookie', 'pepper', 'capers', 'green lemonade', 'orange juice', 'spinach salad', 'gluten free bread', 'frozen yogurt', 'arugultaco salad', 'melted cheese', 'Oreo', 'brownie', 'Toast', 'fried tofu', 'cucumber salad', 'carrot', 'vegpizza', 'fake meat', 'dairy', 'taco']",4.5
KHQXmUFiAD0FHvrMSakJBA,Fare,3.5,456,19130,"['waffle', 'appetizer', 'bananwhip', 'jam', 'udon noodle salad', 'cookie', 'pickle', 'buffalo sauce', 'home fries', 'beet salad', 'ice cream', 'guacamole', 'fruit', 'brussel sprouts', 'hash browns', 'sweet potato fries', 'soda', 'cheese fries', 'celery', 'Caesar salad', 'potato salad', 'meat substitutes', 'milkshake', 'pickled cauliflower', 'curry', 'mozzarellsticks', 'vanillice cream', 'spring roll', 'cherry', 'curry tofu wrap', 'green lemonade', 'spinach salad', 'melted cheese', 'carrot', 'broccoli rabe', 'vegpizza', 'kale lemonade', 'fake meat', 'dairy', 'taco']",5.0
KR-Pb1-fxE9TrZijQWH0Qg,Magic Carpet Foods,4.5,43,19104,"['waffle', 'hash browns', 'Falafel Sandwich', 'jam', 'curry tofu wrap', 'pizza', 'sandwich', 'taco salad']",4.0
KYPhGJIibu_7ePIX4HNs6A,48th Street Grille,4.5,275,19143,"['waffle', 'appetizer', 'bananwhip', 'jam', 'pizza', 'udon noodle salad', 'pickle', 'beet salad', 'ice cream', 'guacamole', 'brussel sprouts', 'hash browns', 'sweet potato fries', 'potato salad', 'Caesar salad', 'meat substitutes', 'milkshake', 'curry', 'Mac&Cheese', 'spring roll', 'curry tofu wrap', 'green lemonade', 'spinach salad', 'broccoli rabe', 'vegpizza', 'fake meat', 'dairy']",4.0
KoMlidUMfCLz42ETmlF56A,Amalia's Cafe & Hookah Lounge,4.5,114,19145,"['waffle', 'hash browns', 'appetizer', 'milkshake', 'curry', 'Hummus', 'jam', 'spring roll', 'pizza', 'curry tofu wrap', 'udon noodle salad', 'pickle', 'vegpizza', 'meat substitutes', 'fake meat', 'dairy', 'guacamole']",5.0
LY6OCkHEwfZtdOoQawNkWg,Samosa Vegetarian,4.5,74,19107,"['waffle', 'hash browns', 'appetizer', 'milkshake', 'jam', 'pizza', 'curry tofu wrap', 'sandwich', 'udon noodle salad', 'fake meat', 'taco salad']",4.5
LgAuYz5cQe3zTxuteJ4VyQ,Fuel Center City,3.5,432,19107,"['waffle', 'appetizer', 'bananwhip', 'jam', 'udon noodle salad', 'cookie', 'pickle', 'home fries', 'beet salad', 'ice cream', 'guacamole', 'fruit', 'brussel sprouts', 'hash browns', 'sweet potato fries', 'soda', 'cheese fries', 'celery', 'potato salad', 'Caesar salad', 'meat substitutes', 'milkshake', 'pickled cauliflower', 'curry', 'mozzarellsticks', 'Hummus', 'vanillice cream', 'spring roll', 'cherry', 'curry tofu wrap', 'green lemonade', 'spinach salad', 'melted cheese', 'carrot', 'BananWhip', 'broccoli rabe', 'vegpizza', 'kale lemonade', 'fake meat', 'dairy', 'taco']",5.0
Li0rvEbw0kGwYcwGM2HJxg,Indian Cafe & Grille,4.5,39,19123,"['waffle', 'hash browns', 'pizza', 'curry tofu wrap', 'sandwich', 'Paneer TikkMasala', 'taco salad']",4.0
LnZvGYbqozanOSevcftnrw,HipCityVeg - University City,4.0,314,19104,"['waffle', 'appetizer', 'bananwhip', 'jam', 'pizza', 'udon noodle salad', 'Curry Tofu Wrap', 'Crispy Hip City Ranch', 'pickle', 'beet salad', 'ice cream', 'guacamole', 'fruit', 'brussel sprouts', 'hash browns', 'sweet potato fries', 'Udon Noodle Salad', 'Caesar salad', 'potato salad', 'meat substitutes', 'Sweet Potato Fries', 'Udon', 'milkshake', 'curry', 'spring roll', 'curry tofu wrap', 'green lemonade', 'spinach salad', 'melted cheese', 'Crispy HipCity Ranch', 'FajitWrap', 'BananWhip', 'broccoli rabe', 'vegpizza', 'fake meat', 'dairy']",4.333333333333333
LtLbT776NOAjva1ttA2h3w,The QUICK FIXX,4.0,324,19146,"['waffle', 'Margherita', 'appetizer', 'bananwhip', 'jam', 'pizza', 'udon noodle salad', 'pickle', 'home fries', 'beet salad', 'ice cream', 'guacamole', 'fruit', 'brussel sprouts', 'hash browns', 'sweet potato fries', 'Caesar salad', 'potato salad', 'meat substitutes', 'milkshake', 'curry', 'spring roll', 'curry tofu wrap', 'green lemonade', 'spinach salad', 'arugultaco salad', 'melted cheese', 'broccoli rabe', 'vegpizza', 'Coke', 'fake meat', 'dairy']",4.0
M6ap9LXMEZmHf6NhlNpDQA,Thang Long Pho Restaurant,4.5,157,19125,"['waffle', 'appetizer', 'jam', 'pizza', 'udon noodle salad', 'pickle', 'ice cream', 'guacamole', 'hash browns', 'potato salad', 'Caesar salad', 'meat substitutes', 'milkshake', 'curry', 'spring roll', 'curry tofu wrap', 'green lemonade', 'spinach salad', 'vegpizza', 'fake meat', 'dairy']",5.0
ME7nOO4hHoCwkbssGqsyPA,Blackbird Pizzeria,4.0,716,19147,"['waffle', 'appetizer', 'faux meat', 'burrito', 'bananwhip', 'jam', 'cupcake', 'chips', 'cookie', 'udon noodle salad', 'pickle', 'buffalo sauce', 'home fries', 'beet salad', 'ice cream', 'guacamole', 'fruit', 'brussel sprouts', 'hash browns', 'sweet potato fries', 'soda', 'cheese fries', 'celery', 'potato salad', 'meat substitutes', 'Caesar salad', 'milkshake', 'pickled cauliflower', 'curry', 'Cubano', 'mozzarellsticks', 'vanillice cream', 'spring roll', 'cherry', 'curry tofu wrap', 'chocolate chip cookie', 'pepper', 'capers', 'green lemonade', 'spinach salad', 'arugultaco salad', 'frozen yogurt', 'melted cheese', 'brownie', 'cucumber salad', 'Fries', 'carrot', 'vegpizza', 'fake meat', 'dairy', 'tea', 'taco']",4.0
MM_v-KIUJiXLCxnkIqPKWA,Soy Cafe,4.5,299,19123,"['waffle', 'appetizer', 'bananwhip', 'jam', 'pizza', 'udon noodle salad', 'pickle', 'beet salad', 'ice cream', 'guacamole', 'fruit', 'brussel sprouts', 'hash browns', 'sweet potato fries', 'Caesar salad', 'potato salad', 'meat substitutes', 'curry', 'milkshake', 'spring roll', 'curry tofu wrap', 'green lemonade', 'spinach salad', 'melted cheese', 'broccoli rabe', 'vegpizza', 'fake meat', 'dairy']",4.5
MNv5nQf1KgTUi7zFeDEazA,20th Street Pizza,4.5,78,19103,"['waffle', 'hash browns', 'appetizer', 'milkshake', 'jam', 'pizza', 'curry tofu wrap', 'sandwich', 'udon noodle salad', 'fake meat', 'taco salad']",5.0
NJe5fkia_63rdKXRdJlmkA,Chatayee Thai,4.5,222,19107,"['waffle', 'appetizer', 'bananwhip', 'jam', 'pizza', 'udon noodle salad', 'pickle', 'beet salad', 'Pad Thai', 'ice cream', 'guacamole', 'brussel sprouts', 'hash browns', 'sweet potato fries', 'fake chicken', 'Caesar salad', 'Bangkok Mule', 'meat substitutes', 'potato salad', 'pad Thai', 'milkshake', 'curry', 'spring roll', 'curry tofu wrap', 'green lemonade', 'spinach salad', 'Pad Kee Mao', 'vegpizza', 'fake meat', 'dairy']",5.0
NU6SW870hySW6jwbmE7YuA,Just Salad,3.5,50,19104,"['waffle', 'hash browns', 'jam', 'pizza', 'curry tofu wrap', 'sandwich', 'udon noodle salad', 'taco salad']",4.0
NVN_23yYJDf_RAinqFICDA,Hot Diggity!,4.5,191,19147,"['waffle', 'Seattle Grunge', 'appetizer', 'Hot Diggity', 'jam', 'pizza', 'udon noodle salad', 'pickle', 'ice cream', 'guacamole', 'brussel sprouts', 'Southern Comfort', 'hash browns', 'sweet potato fries', 'Caesar salad', 'potato salad', 'meat substitutes', 'Desert Dog', 'Texam', 'milkshake', 'curry', 'spring roll', 'curry tofu wrap', 'green lemonade', 'spinach salad', 'Bronx Bomber', 'Falafel', 'vegpizza', 'Coke', 'fake meat', 'dairy']",4.0
O17dm8a_hU8zc3gAYkAK-A,Ken Love's BYOB,4.5,172,19123,"['waffle', 'appetizer', 'jam', 'pizza', 'udon noodle salad', 'pickle', 'ice cream', 'guacamole', 'hash browns', 'sweet potato fries', 'potato salad', 'Caesar salad', 'meat substitutes', 'milkshake', 'curry', 'Pot de Creme', 'Mac&Cheese', 'spring roll', 'curry tofu wrap', 'green lemonade', 'spinach salad', 'vegpizza', 'fake meat', 'dairy']",4.75
OJ7cVWbpkAU9BjgU1UC9Lw,Shai,4.5,11,19104,"['waffle', 'hash browns', 'sweet potato fries']",5.0
OOfY8bhTuC5A4qbdn8wFBA,Desi Village,3.5,113,19143,"['waffle', 'appetizer', 'jam', 'pizza', 'udon noodle salad', 'pickle', 'guacamole', 'hash browns', 'Palak Paneer', 'Biryani', 'meat substitutes', 'TikkMasala', 'curry', 'milkshake', 'ChanMasala', 'spring roll', 'curry tofu wrap', 'vegpizza', 'fake meat', 'dairy']",4.0
OhSaEeJes7JLtk3MGMXXmg,Maoz Vegetarian,4.0,225,19107,"['waffle', 'appetizer', 'bananwhip', 'jam', 'pizza', 'udon noodle salad', 'pickle', 'beet salad', 'ice cream', 'guacamole', 'brussel sprouts', 'hash browns', 'sweet potato fries', 'fake chicken', 'Caesar salad', 'potato salad', 'meat substitutes', 'curry', 'milkshake', 'spring roll', 'curry tofu wrap', 'green lemonade', 'spinach salad', 'Falafel', 'vegpizza', 'fake meat', 'dairy']",4.5
Oyfuul717X4T5A77S-ASBg,Kingdom of Vegetarians Restaurant,3.5,86,19107,"['waffle', 'hash browns', 'appetizer', 'milkshake', 'jam', 'Dim Sum', 'pizza', 'curry tofu wrap', 'sandwich', 'udon noodle salad', 'fake meat']",4.0
P7anLq0I2xzyEpS9HdpkSA,Hey Hummus,4.0,53,19103,"['waffle', 'hash browns', 'Hummus', 'jam', 'pizza', 'curry tofu wrap', 'sandwich', 'udon noodle salad', 'taco salad']",5.0
PQ15SQ4e9Gpw7KpoYHjlow,Tandoor Authentic Indian Restaurant,4.0,160,19122,"['waffle', 'appetizer', 'jam', 'pizza', 'udon noodle salad', 'pickle', 'ice cream', 'guacamole', 'hash browns', 'Palak Paneer', 'potato salad', 'Caesar salad', 'meat substitutes', 'TikkMasala', 'milkshake', 'curry', 'ChanMasala', 'spring roll', 'curry tofu wrap', 'green lemonade', 'spinach salad', 'Korma', 'vegpizza', 'fake meat', 'dairy']",5.0
PVVFos1LDfD7iETY0w4vaA,Su Xing House,4.0,417,19102,"['waffle', 'appetizer', 'bananwhip', 'jam', 'udon noodle salad', 'cookie', 'pickle', 'home fries', 'beet salad', 'ice cream', 'guacamole', 'fruit', 'brussel sprouts', 'hash browns', 'sweet potato fries', 'PFried Noodles', 'soda', 'cheese fries', 'celery', 'Caesar salad', 'potato salad', 'Spring Roll', 'meat substitutes', 'Soup', 'milkshake', 'pickled cauliflower', 'curry', 'mozzarellsticks', 'vanillice cream', 'spring roll', 'cherry', 'curry tofu wrap', 'green lemonade', 'spinach salad', 'melted cheese', 'Cream Corn Soup', 'CreaCorn Soup', 'carrot', 'broccoli rabe', 'vegpizza', 'kale lemonade', 'fake meat', 'dairy', 'taco']",5.0
Pnxr8LN-5rqxENU9HOSX9Q,moonbowls,4.5,21,19123,"['waffle', 'hash browns', 'curry tofu wrap', 'pizza']",5.0
QG-9-wye4CTEEMM1OJ1myw,Greens and Grains,4.5,24,19103,"['waffle', 'hash browns', 'pizza', 'curry tofu wrap', 'taco salad']",4.0
QSmuCHi63m8zEJvUc6SDAA,Monster Vegan,4.5,64,19107,"['waffle', 'hash browns', 'milkshake', 'Fries', 'jam', 'pizza', 'curry tofu wrap', 'sandwich', 'udon noodle salad', 'fake meat', 'Oreo', 'taco salad']",5.0
R0JUjyjGEzUlY3auVhY_tg,North Bowl,4.0,484,19123,"['waffle', 'appetizer', 'burrito', 'bananwhip', 'jam', 'cupcake', 'cookie', 'udon noodle salad', 'pickle', 'buffalo sauce', 'home fries', 'beet salad', 'ice cream', 'guacamole', 'fruit', 'brussel sprouts', 'hash browns', 'sweet potato fries', 'soda', 'cheese fries', 'celery', 'potato salad', 'Caesar salad', 'meat substitutes', 'milkshake', 'pickled cauliflower', 'curry', 'mozzarellsticks', 'Hummus', 'vanillice cream', 'spring roll', 'cherry', 'curry tofu wrap', 'Mac&Cheese', 'green lemonade', 'spinach salad', 'melted cheese', 'carrot', 'broccoli rabe', 'vegpizza', 'fake meat', 'dairy', 'tea', 'taco']",5.0
REiAM73RkOxFqCVlEFiRWA,Tattooed Mom,4.0,692,19147,"['waffle', 'appetizer', 'faux meat', 'burrito', 'bananwhip', 'jam', 'cupcake', 'chips', 'udon noodle salad', 'cookie', 'pickle', 'buffalo sauce', 'home fries', 'beet salad', 'ice cream', 'guacamole', 'fruit', 'brussel sprouts', 'hash browns', 'sweet potato fries', 'soda', 'cheese fries', 'celery', 'Caesar salad', 'potato salad', 'meat substitutes', 'milkshake', 'pickled cauliflower', 'curry', 'mozzarellsticks', 'vanillice cream', 'spring roll', 'cherry', 'curry tofu wrap', 'chocolate chip cookie', 'pepper', 'green lemonade', 'spinach salad', 'arugultaco salad', 'frozen yogurt', 'melted cheese', 'brownie', 'cucumber salad', 'carrot', 'vegpizza', 'Coke', 'fake meat', 'dairy', 'tea', 'taco']",4.333333333333333
RadvqFuRTZNEfSZ_avPRog,Honest Tom's Plant Based Taco Shop,4.0,597,19104,"['waffle', 'appetizer', 'burrito', 'bananwhip', 'jam', 'Burrito', 'cupcake', 'chips', 'pico de gallo', 'cookie', 'udon noodle salad', 'pickle', 'buffalo sauce', 'home fries', 'Fanta', 'beet salad', 'ice cream', 'guacamole', 'fruit', 'brussel sprouts', 'hash browns', 'sweet potato fries', 'soda', 'cheese fries', 'potato salad', 'Caesar salad', 'celery', 'meat substitutes', 'milkshake', 'pickled cauliflower', 'ChanMasala', 'curry', 'mozzarellsticks', 'vanillice cream', 'spring roll', 'cherry', 'curry tofu wrap', 'chocolate chip cookie', 'pepper', 'green lemonade', 'spinach salad', 'arugultaco salad', 'frozen yogurt', 'melted cheese', 'brownie', 'carrot', 'broccoli rabe', 'Nachos', 'vegpizza', 'Coke', 'fake meat', 'dairy', 'tea', 'taco']",5.0
SFuedHlHzZAl_0SY75507A,Mariposa Food Co-op,4.0,76,19143,"['waffle', 'hash browns', 'appetizer', 'milkshake', 'jam', 'pizza', 'curry tofu wrap', 'sandwich', 'udon noodle salad', 'fake meat', 'taco salad']",4.0
SGfnHZzhu1H5fyYOpkATHQ,Mi Lah,4.0,20,19147,"['waffle', 'hash browns', 'Shichuan', 'sweet potato fries', 'pizza', 'curry tofu wrap', 'Potato Custard']",4.0
SXhPAG6C19kguKpTKE-5mw,Snap Kitchen,4.0,22,19107,"['waffle', 'hash browns', 'pizza', 'curry tofu wrap']",5.0
T6S3ANFsbrl_1Q6ow-7XYA,The Gold Standard Cafe,4.5,26,19147,"['waffle', 'hash browns', 'pizza', 'curry tofu wrap', 'taco salad']",5.0
T85Ck4uybby0-klUlxF_nw,The Satellite Cafe,3.5,158,19143,"['waffle', 'appetizer', 'jam', 'pizza', 'udon noodle salad', 'pickle', 'ice cream', 'guacamole', 'hash browns', 'potato salad', 'Caesar salad', 'meat substitutes', 'curry', 'milkshake', 'spring roll', 'curry tofu wrap', 'green lemonade', 'spinach salad', 'vegpizza', 'fake meat', 'dairy']",4.0
T9sdnqG0AnXv5xkVy7b4RQ,Point of Destination Cafe,3.5,17,19119,"['waffle', 'hash browns', 'sweet potato fries', 'pizza', 'curry tofu wrap']",4.0
TyhguONKc8i6M7wP09nTbA,Hibiscus Cafe,4.5,150,19143,"['waffle', 'appetizer', 'jam', 'pizza', 'udon noodle salad', 'pickle', 'ice cream', 'guacamole', 'hash browns', 'Caesar salad', 'potato salad', 'meat substitutes', 'curry', 'milkshake', 'spring roll', 'curry tofu wrap', 'green lemonade', 'spinach salad', 'vegpizza', 'fake meat', 'dairy']",4.0
U5_T9hDfdYFWS8ahj_1Dvw,Just Salad,3.5,133,19103,"['waffle', 'appetizer', 'jam', 'pizza', 'udon noodle salad', 'pickle', 'guacamole', 'hash browns', 'Caesar salad', 'meat substitutes', 'milkshake', 'curry', 'spring roll', 'curry tofu wrap', 'green lemonade', 'spinach salad', 'vegpizza', 'fake meat', 'dairy']",5.0
UMHuKs1sO-wq3XqKaejXeA,Miss Rachel's Pantry,5.0,119,19145,"['waffle', 'hash browns', 'appetizer', 'curry', 'milkshake', 'jam', 'spring roll', 'pizza', 'curry tofu wrap', 'udon noodle salad', 'pickle', 'vegpizza', 'Caesar salad', 'meat substitutes', 'fake meat', 'dairy', 'guacamole']",5.0
UhSVDwQFW6mKmaEA5OTU7A,Sansom Kabob House,4.0,128,19102,"['waffle', 'hash browns', 'appetizer', 'milkshake', 'curry', 'jam', 'spring roll', 'pizza', 'curry tofu wrap', 'udon noodle salad', 'pickle', 'vegpizza', 'Caesar salad', 'meat substitutes', 'fake meat', 'dairy', 'guacamole']",5.0
UtibXZzwJekiDzwys4I19A,Naked Lunch,3.5,19,19107,"['waffle', 'hash browns', 'sweet potato fries', 'curry tofu wrap', 'pizza']",4.0
WP9GAuhvmUhm8MAxMqhgrQ,Indian Kitchen Lovash,3.5,278,19147,"['waffle', 'appetizer', 'bananwhip', 'jam', 'pizza', 'udon noodle salad', 'pickle', 'beet salad', 'ice cream', 'guacamole', 'brussel sprouts', 'hash browns', 'sweet potato fries', 'Palak Paneer', 'Biryani', 'Caesar salad', 'potato salad', 'meat substitutes', 'TikkMasala', 'milkshake', 'curry', 'spring roll', 'curry tofu wrap', 'green lemonade', 'spinach salad', 'broccoli rabe', 'Korma', 'vegpizza', 'fake meat', 'dairy']",4.0
WYel6hMEEPNwzVUlVBacbw,honeygrow,3.5,560,19102,"['waffle', 'appetizer', 'burrito', 'bananwhip', 'jam', 'cupcake', 'udon noodle salad', 'cookie', 'pickle', 'buffalo sauce', 'home fries', 'beet salad', 'ice cream', 'guacamole', 'fruit', 'brussel sprouts', 'hash browns', 'sweet potato fries', 'soda', 'cheese fries', 'celery', 'Caesar salad', 'potato salad', 'meat substitutes', 'milkshake', 'pickled cauliflower', 'curry', 'mozzarellsticks', 'vanillice cream', 'spring roll', 'cherry', 'curry tofu wrap', 'chocolate chip cookie', 'green lemonade', 'spinach salad', 'arugultaco salad', 'frozen yogurt', 'melted cheese', 'brownie', 'carrot', 'broccoli rabe', 'vegpizza', 'Coke', 'fake meat', 'dairy', 'tea', 'taco']",4.125
X-sCb_2Q46W5H2wbXmlK1w,Atiya Ola's Spirit First Foods,4.0,93,19143,"['waffle', 'hash browns', 'appetizer', 'milkshake', 'jam', 'spring roll', 'pizza', 'curry tofu wrap', 'udon noodle salad', 'vegpizza', 'fake meat']",4.0
XIKYdKWq72zUYsq8NBxcCQ,Aksum Cafe,4.0,393,19143,"['waffle', 'appetizer', 'bananwhip', 'jam', 'udon noodle salad', 'pickle', 'home fries', 'beet salad', 'ice cream', 'guacamole', 'fruit', 'brussel sprouts', 'hash browns', 'sweet potato fries', 'soda', 'cheese fries', 'potato salad', 'Caesar salad', 'meat substitutes', 'milkshake', 'pickled cauliflower', 'curry', 'mozzarellsticks', 'spring roll', 'curry tofu wrap', 'green lemonade', 'spinach salad', 'arugultaco salad', 'melted cheese', 'Oreo', 'broccoli rabe', 'vegpizza', 'kale lemonade', 'fake meat', 'dairy', 'taco']",4.5
XkJsE4AJJ95vctIkE5kRWg,Makhani,4.0,62,19106,"['waffle', 'hash browns', 'milkshake', 'jam', 'pizza', 'curry tofu wrap', 'sandwich', 'udon noodle salad', 'SamosChaat', 'fake meat', 'taco salad']",4.0
Y5S_AUSW8EjswVf9JAi-0w,Horizons,4.5,179,19147,"['waffle', 'appetizer', 'jam', 'pizza', 'udon noodle salad', 'pickle', 'ice cream', 'guacamole', 'brussel sprouts', 'hash browns', 'sweet potato fries', 'Caesar salad', 'potato salad', 'meat substitutes', 'curry', 'milkshake', 'spring roll', 'curry tofu wrap', 'green lemonade', 'spinach salad', 'vegpizza', 'fake meat', 'dairy']",4.0
YIdYc6tQIFRJPNIaPBupYQ,Zio Pizza Palace & Grill,4.0,43,19107,"['waffle', 'hash browns', 'jam', 'pizza', 'curry tofu wrap', 'sandwich', 'taco salad']",4.0
YN4Kk751tmdvoarGo8z7_A,New Delhi Indian Restaurant,4.0,514,19104,"['waffle', 'Malai Kofta', 'appetizer', 'burrito', 'bananwhip', 'jam', 'cupcake', 'udon noodle salad', 'cookie', 'pickle', 'buffalo sauce', 'home fries', 'beet salad', 'ice cream', 'guacamole', 'fruit', 'brussel sprouts', 'hash browns', 'sweet potato fries', 'Biryani', 'soda', 'cheese fries', 'celery', 'potato salad', 'Caesar salad', 'meat substitutes', 'TikkMasala', 'milkshake', 'pickled cauliflower', 'curry', 'mozzarellsticks', 'vanillice cream', 'spring roll', 'cherry', 'curry tofu wrap', 'green lemonade', 'spinach salad', 'melted cheese', 'brownie', 'carrot', 'broccoli rabe', 'vegpizza', 'fake meat', 'dairy', 'tea', 'taco']",4.4
YcpaOS-DMjhezJodA0rf-A,Thoreau Restaurant,4.0,15,19123,"['waffle', 'hash browns', 'sweet potato fries', 'pizza', 'curry tofu wrap', 'Korma']",5.0
ZKPrXH_GNW_AtZ31tP3NmA,White Dog Cafe,4.0,1301,19104,"['waffle', 'pasta', 'appetizer', 'faux meat', 'burrito', 'bananwhip', 'meat substitute', 'jam', 'cupcake', 'udon noodle salad', 'cookie', 'pickle', 'artichoke', 'buffalo sauce', 'home fries', 'beet salad', 'Pad Thai', 'ice cream', 'guacamole', 'Brie', 'brussel sprouts', 'fruit', 'iced coffee', 'hash browns', 'sweet potato fries', 'pancake', 'Sandwich', 'soda', 'celery', 'potato salad', 'Caesar salad', 'meat substitutes', 'green tea', 'cream', 'vegcheese steak', 'eggplant dish', 'milkshake', 'pickled cauliflower', 'mozzarellsticks', 'Hummus', 'vanillice cream', 'spring roll', 'cherry', 'curry tofu wrap', 'lentil soup', 'chocolate chip cookie', 'pepper', 'capers', 'green lemonade', 'orange juice', 'spinach salad', 'gluten free bread', 'frozen yogurt', 'arugultaco salad', 'melted cheese', 'Cobb salad', 'brownie', 'Toast', 'fried tofu', 'cucumber salad', 'carrot', 'lemonade', 'vegpizza', 'Coke', 'fake meat', 'Blood Hound', 'dairy', 'taco']",4.380952380952381
ZMJz4ekxrcZdhBcnK4B_6g,Kurry Shack,3.5,29,19148,"['waffle', 'hash browns', 'pizza', 'curry tofu wrap', 'Korma', 'Paneer TikkMasala', 'taco salad']",5.0
ZNlTghz93wixdR-ixvXyAQ,I Green Dim Sum Hand Drawn Noodle,3.5,52,19107,"['waffle', 'hash browns', 'pad Thai', 'jam', 'HDynasty', 'pizza', 'curry tofu wrap', 'sandwich', 'udon noodle salad', 'taco salad']",4.0
_34KJPR-T0HP9USJw1nCfw,Hiro Ramen House,4.0,435,19107,"['waffle', 'appetizer', 'bananwhip', 'jam', 'udon noodle salad', 'cookie', 'pickle', 'home fries', 'beet salad', 'ice cream', 'guacamole', 'fruit', 'brussel sprouts', 'hash browns', 'sweet potato fries', 'soda', 'cheese fries', 'celery', 'Caesar salad', 'potato salad', 'meat substitutes', 'milkshake', 'pickled cauliflower', 'curry', 'mozzarellsticks', 'vanillice cream', 'spring roll', 'cherry', 'curry tofu wrap', 'green lemonade', 'spinach salad', 'melted cheese', 'carrot', 'broccoli rabe', 'vegpizza', 'kale lemonade', 'fake meat', 'dairy', 'taco']",4.4
_pHMElutAeebkqmYYNeI6w,Herban Quality Eats,4.5,87,19104,"['waffle', 'hash browns', 'appetizer', 'milkshake', 'jam', 'spring roll', 'pizza', 'curry tofu wrap', 'udon noodle salad', 'vegpizza', 'fake meat']",5.0
a62d7e_xXeljJcOUHkJjkg,Circles Contemporary Asian,3.5,377,19145,"['waffle', 'appetizer', 'bananwhip', 'jam', 'pizza', 'udon noodle salad', 'pickle', 'home fries', 'beet salad', 'Pad Thai', 'ice cream', 'guacamole', 'fruit', 'brussel sprouts', 'hash browns', 'sweet potato fries', 'soda', 'cheese fries', 'potato salad', 'Caesar salad', 'meat substitutes', 'milkshake', 'pickled cauliflower', 'curry', 'mozzarellsticks', 'spring roll', 'curry tofu wrap', 'green lemonade', 'spinach salad', 'arugultaco salad', 'Pad Kee Mao', 'melted cheese', 'broccoli rabe', 'vegpizza', 'kale lemonade', 'fake meat', 'dairy', 'taco']",5.0
aIp7D41qhB-FgfBmYUgQTw,Ka'Moon,4.5,33,19106,"['waffle', 'hash browns', 'curry tofu wrap', 'pizza', 'taco salad']",4.0
agkiNGa26UB9kA4Gb-VFzw,Circles Headhouse,3.5,14,19147,"['waffle', 'hash browns', 'pad Thai', 'sweet potato fries', 'pizza', 'curry tofu wrap']",5.0
b1okJ5qEPCIHbIgQ1NGyXQ,La Mula Terca,4.5,91,19145,"['waffle', 'hash browns', 'appetizer', 'milkshake', 'jam', 'spring roll', 'pizza', 'curry tofu wrap', 'udon noodle salad', 'vegpizza', 'fake meat']",5.0
b8zYL8751HJXc0XlUw5K3g,Taco & Ramen,5.0,26,19147,"['waffle', 'hash browns', 'curry tofu wrap', 'pizza', 'taco salad']",5.0
bTve2mwLk5Zc01vRKqc2KQ,Red Hook Coffee & Tea,4.5,183,19147,"['waffle', 'appetizer', 'jam', 'pizza', 'udon noodle salad', 'pickle', 'ice cream', 'guacamole', 'brussel sprouts', 'hash browns', 'sweet potato fries', 'potato salad', 'Caesar salad', 'meat substitutes', 'milkshake', 'curry', 'spring roll', 'curry tofu wrap', 'green lemonade', 'spinach salad', 'vegpizza', 'fake meat', 'dairy']",5.0
bgxDswHIdFP0Go0pNfyAAw,Hummus Grill,4.0,372,19104,"['waffle', 'appetizer', 'bananwhip', 'jam', 'pizza', 'udon noodle salad', 'pickle', 'home fries', 'beet salad', 'ice cream', 'guacamole', 'fruit', 'brussel sprouts', 'hash browns', 'Falafel Sandwich', 'sweet potato fries', 'cheese fries', 'Caesar salad', 'potato salad', 'meat substitutes', 'milkshake', 'pickled cauliflower', 'curry', 'mozzarellsticks', 'Hummus', 'spring roll', 'curry tofu wrap', 'green lemonade', 'spinach salad', 'arugultaco salad', 'melted cheese', 'broccoli rabe', 'vegpizza', 'kale lemonade', 'fake meat', 'dairy', 'taco']",5.0
c7TanwrkujM7GAE43H4kwg,Hummus Republic,4.0,65,19103,"['waffle', 'hash browns', 'milkshake', 'jam', 'pizza', 'curry tofu wrap', 'sandwich', 'udon noodle salad', 'fake meat', 'taco salad']",4.0
cFtVkdtHZuZvCNvkSG-RAg,Kurry Shack Francisville ,4.0,13,19130,"['waffle', 'hash browns', 'sweet potato fries', 'pizza', 'curry tofu wrap']",4.0
cSaoPFiZUzaTgnxM91KgXg,All The Way Live,4.0,63,19144,"['waffle', 'hash browns', 'milkshake', 'jam', 'pizza', 'curry tofu wrap', 'sandwich', 'udon noodle salad', 'fake meat', 'taco salad']",4.0
ctHjyadbDQAtUFfkcAFEHw,Zahav,4.5,3065,19106,"['bagel sandwiches', 'garlic naan', 'cookie', 'udon noodle salad', 'guacamole', 'brussel sprouts', 'Tehina', 'sweet potato fries', 'pancake', 'Lemonnana', 'pineapple', 'green tea', 'cream', 'vegcheese steak', 'milkshake', 'pickled cauliflower', 'vanillice cream', 'pepper', 'capers', 'green lemonade', 'spinach salad', 'frozen yogurt', 'Toast', 'fried tofu', 'Crispy Haloumi', 'broccoli rabe', 'taco', 'faux meat', 'sticky rice', 'flat bread', 'cupcake', 'bread basket', 'corn tortillas', 'mock meat', 'soda', 'lunch buffet', 'arugulsalad', 'papaysalad', 'curry', 'mozzarellsticks', 'cherry', 'romaine', 'salad dressing', 'orange juice', 'gluten free bread', 'arugultaco salad', 'melted cheese', 'brunch spots', 'Mezze', 'Kataifi', 'jam', 'chips', 'pickle', 'grilled tofu', 'fruit', 'Konafi', 'breakfast burrito', 'white rice', 'drunken noodles', 'eggplant dish', 'spring roll', 'curry tofu wrap', 'lentil soup', 'sweet potato burrito', 'kale lemonade', 'red curry', 'kale salad', 'tea', 'pasta', 'bananwhip', 'meat substitute', 'hot and sour soup', 'home fries', 'beet salad', 'iced coffee', 'hash browns', 'cinnamon bun', 'celery', 'Caesar salad', 'potato salad', 'meat substitutes', 'Thai tea', 'Mac&Cheese', 'chocolate chip cookie', 'brownie', 'cucumber salad', 'rice noodles', 'fried rice', 'rice pudding', 'avocado toast', 'Desert Rose', 'pie']",4.666666666666667
d4QFJfL5q4nguXfWJUphZg,Palm Tree Gourmet,5.0,44,19147,"['waffle', 'hash browns', 'jam', 'pizza', 'curry tofu wrap', 'sandwich', 'Coke', 'taco salad']",4.0
eaUSPTynZkTg3qj_drNxPQ,Okie Dokie Donuts,5.0,16,19145,"['waffle', 'hash browns', 'sweet potato fries', 'pizza', 'curry tofu wrap']",4.0
efNrVvbNw2stIq2PvCDV6g,Foo Kitchen,4.5,121,19107,"['waffle', 'hash browns', 'appetizer', 'milkshake', 'curry', 'jam', 'spring roll', 'Burrito', 'pizza', 'curry tofu wrap', 'udon noodle salad', 'pickle', 'vegpizza', 'meat substitutes', 'fake meat', 'dairy', 'guacamole']",4.5
eou37hSU7gpr2XlpJ9Fucw,The Greyhound Cafe,5.0,41,19130,"['waffle', 'hash browns', 'Mac&Cheese', 'jam', 'curry tofu wrap', 'pizza', 'sandwich', 'taco salad']",5.0
gYVKvm64vH75YQKQrdKnnw,Mi Lah,4.0,14,19104,"['waffle', 'hash browns', 'sweet potato fries', 'pizza', 'curry tofu wrap']",4.0
gczLFZVmpfsBB3uUHEbWiA,HipCityVeg,4.5,157,19107,"['waffle', 'appetizer', 'jam', 'pizza', 'udon noodle salad', 'Crispy Hip City Ranch', 'pickle', 'ice cream', 'guacamole', 'hash browns', 'potato salad', 'Caesar salad', 'meat substitutes', 'Udon', 'milkshake', 'curry', 'spring roll', 'curry tofu wrap', 'green lemonade', 'spinach salad', 'FajitWrap', 'vegpizza', 'fake meat', 'dairy']",5.0
hkirr3WzSTx2d9cdP_NKSQ,Mama's Vegetarian,4.5,592,19103,"['waffle', 'appetizer', 'burrito', 'bananwhip', 'jam', 'cupcake', 'udon noodle salad', 'cookie', 'pickle', 'buffalo sauce', 'home fries', 'beet salad', ""Mama's Meal"", 'guacamole', 'fruit', 'brussel sprouts', 'ice cream', 'hash browns', 'Falafel Sandwich', 'sweet potato fries', 'soda', 'cheese fries', 'celery', 'Caesar salad', 'potato salad', 'meat substitutes', 'milkshake', 'pickled cauliflower', 'curry', 'mozzarellsticks', 'vanillice cream', 'spring roll', 'cherry', 'curry tofu wrap', 'chocolate chip cookie', 'pepper', 'green lemonade', 'spinach salad', 'arugultaco salad', 'frozen yogurt', 'melted cheese', 'brownie', 'carrot', 'Falafel', 'broccoli rabe', 'vegpizza', 'Coke', 'fake meat', 'dairy', 'tea', 'taco']",4.5
i-clumHx1gMhf5B8MROyHA,Falafel Bar,3.5,60,19102,"['waffle', 'hash browns', 'Falafel Sandwich', 'milkshake', 'jam', 'Falafel', 'pizza', 'curry tofu wrap', 'sandwich', 'udon noodle salad', 'fake meat', 'taco salad']",4.0
iUZEGx29miZObLd6_lt7Vg,Sabrina's Café,4.0,1721,19130,"['pasta', 'appetizer', 'faux meat', 'burrito', 'meat substitute', 'flat bread', 'regular fries', 'jam', 'Burrito', 'cupcake', 'chips', 'bananwhip', 'udon noodle salad', 'cookie', 'artichoke', 'pickle', 'buffalo sauce', 'grilled tofu', 'home fries', 'beet salad', 'iced coffee', 'guacamole', 'ice cream', 'brussel sprouts', 'hash browns', 'sweet potato fries', 'pancake', 'mock meat', 'hot chocolate', 'soda', 'celery', 'potato salad', 'Caesar salad', 'meat substitutes', 'green tea', 'cream', 'vegcheese steak', 'eggplant dish', 'milkshake', 'pickled cauliflower', 'mozzarellsticks', 'vanillice cream', 'spring roll', 'cherry', 'curry tofu wrap', 'lentil soup', 'chocolate chip cookie', 'pepper', 'capers', 'green lemonade', 'orange juice', 'spinach salad', 'gluten free bread', 'frozen yogurt', 'arugultaco salad', 'melted cheese', 'Oreo', 'Cobb salad', 'brownie', 'Toast', 'fried tofu', 'cucumber salad', 'Fries', 'carrot', 'Greek salad', 'lemonade', 'vegpizza', 'kale lemonade', 'fake meat', 'taco']",4.0
iydOdxf9QnI6tIvyWXxPqQ,Kurry Shack,4.0,15,19103,"['waffle', 'hash browns', 'sweet potato fries', 'pizza', 'curry tofu wrap']",5.0
j19dK4wX22MnVkqmxa-lWA,Seventh Heaven,4.0,63,19103,"['waffle', 'hash browns', 'milkshake', 'jam', 'pizza', 'curry tofu wrap', 'sandwich', 'udon noodle salad', 'fake meat', 'Oreo', 'taco salad']",4.0
j2AhQF5-dYGyJFbQd5t4aA,Singapore Chinese Vegetarian Restaurant,4.0,76,19107,"['waffle', 'hash browns', 'appetizer', 'milkshake', 'jam', 'Dim Sum', 'pizza', 'curry tofu wrap', 'sandwich', 'udon noodle salad', 'fake meat', 'taco salad']",5.0
jHVotJhyPKOLuO7MVnmbtQ,Royal Tavern,4.0,669,19147,"['waffle', 'appetizer', 'burrito', 'bananwhip', 'jam', 'cupcake', 'chips', 'udon noodle salad', 'cookie', 'pickle', 'buffalo sauce', 'home fries', 'beet salad', 'mary', 'ice cream', 'guacamole', 'fruit', 'brussel sprouts', 'hash browns', 'sweet potato fries', 'soda', 'Strawberry Crumb Pancakes', 'cheese fries', 'celery', 'Caesar salad', 'Spring Roll', 'potato salad', 'meat substitutes', 'milkshake', 'pickled cauliflower', 'curry', 'mozzarellsticks', 'Hummus', 'vanillice cream', 'spring roll', 'cherry', 'curry tofu wrap', 'Mac&Cheese', 'chocolate chip cookie', 'pepper', 'green lemonade', 'spinach salad', 'arugultaco salad', 'frozen yogurt', 'melted cheese', 'brownie', 'cucumber salad', 'Mezze', 'Huevos Rancheros', 'carrot', 'broccoli rabe', 'Nachos', 'vegpizza', 'fake meat', 'dairy', 'tea', 'taco']",4.5
jLDwSeoQ_kDQwhnUJQO2yw,Sansom Kabob House,4.0,106,19147,"['waffle', 'hash browns', 'appetizer', 'curry', 'milkshake', 'jam', 'spring roll', 'pizza', 'curry tofu wrap', 'sandwich', 'udon noodle salad', 'vegpizza', 'meat substitutes', 'fake meat', 'dairy']",4.0
jYFMSF-AyKrvLPWMW6l5JQ,Ortlieb's,4.0,96,19123,"['waffle', 'hash browns', 'appetizer', 'milkshake', 'curry', 'jam', 'spring roll', 'pizza', 'curry tofu wrap', 'udon noodle salad', 'vegpizza', 'fake meat']",4.0
kLq_rhEQhIkzKU0n6E9V6A,Basic 4 Vegetarian Café,3.5,53,19107,"['waffle', 'hash browns', 'jam', 'pizza', 'curry tofu wrap', 'sandwich', 'udon noodle salad', 'taco salad']",4.0
kXzYfIPhf5G19hm0hwM8Qw,Leziz Turkish Cuisine,4.0,238,19147,"['waffle', 'appetizer', 'bananwhip', 'jam', 'pizza', 'udon noodle salad', 'pickle', 'beet salad', 'ice cream', 'guacamole', 'brussel sprouts', 'hash browns', 'sweet potato fries', 'fake chicken', 'potato salad', 'Caesar salad', 'meat substitutes', 'milkshake', 'curry', 'spring roll', 'curry tofu wrap', 'green lemonade', 'spinach salad', 'broccoli rabe', 'vegpizza', 'Coke', 'fake meat', 'dairy']",4.0
k_43W3zbbEuvYuLZviSJKA,&pizza - UPenn,4.0,61,19104,"['waffle', 'hash browns', 'milkshake', 'jam', 'pizza', 'curry tofu wrap', 'sandwich', 'udon noodle salad', 'fake meat', 'taco salad']",4.0
krWsMdrE_uglWwOF5BcJcQ,Kawaii Kitty Cafe,4.5,116,19147,"['waffle', 'hash browns', 'appetizer', 'curry', 'milkshake', 'jam', 'spring roll', 'pizza', 'curry tofu wrap', 'udon noodle salad', 'pickle', 'vegpizza', 'meat substitutes', 'fake meat', 'dairy', 'guacamole']",5.0
lRznUOtLYY2GP_dvc7kmYQ,The Tasty,4.0,209,19147,"['waffle', 'appetizer', 'bananwhip', 'jam', 'pizza', 'udon noodle salad', 'pickle', 'beet salad', 'ice cream', 'guacamole', 'brussel sprouts', 'hash browns', 'sweet potato fries', 'potato salad', 'Caesar salad', 'meat substitutes', 'milkshake', 'curry', 'spring roll', 'curry tofu wrap', 'green lemonade', 'spinach salad', 'vegpizza', 'fake meat', 'dairy']",4.0
lXkjfmdIKGB-WwEuuEEAmw,Milo - The Meeting House,3.5,23,19119,"['waffle', 'Yucatán', 'hash browns', 'Tacos', 'curry tofu wrap', 'pizza', 'taco salad']",5.0
lYMJ_lraMXqKPJycdD3_7Q,Kings & Queens African Cuisine,4.5,26,19143,"['waffle', 'hash browns', 'pizza', 'curry tofu wrap', 'taco salad']",4.0
mciSzNKFRZ3HGgeSDuwUcw,NINE,4.5,91,19130,"['waffle', 'hash browns', 'appetizer', 'milkshake', 'jam', 'spring roll', 'pizza', 'curry tofu wrap', 'udon noodle salad', 'vegpizza', 'fake meat']",5.0
mlrzM-jUkKot28XJhScuuA,Goldie,4.5,514,19102,"['waffle', 'appetizer', 'burrito', 'bananwhip', 'jam', 'cupcake', 'udon noodle salad', 'cookie', 'pickle', 'buffalo sauce', 'home fries', 'beet salad', 'ice cream', 'guacamole', 'fruit', 'Tehina', 'brussel sprouts', 'hash browns', 'Falafel Sandwich', 'sweet potato fries', 'soda', 'cheese fries', 'celery', 'Caesar salad', 'potato salad', 'meat substitutes', 'milkshake', 'pickled cauliflower', 'curry', 'mozzarellsticks', 'vanillice cream', 'spring roll', 'cherry', 'curry tofu wrap', 'green lemonade', 'spinach salad', 'melted cheese', 'brownie', 'Fries', 'carrot', 'broccoli rabe', 'vegpizza', 'fake meat', 'dairy', 'tea', 'taco']",4.0
muCelHtTlX5PrJd8JKkf_w,New Harmony Vegetarian Restaurant,4.0,327,19107,"['waffle', 'appetizer', 'bananwhip', 'jam', 'pizza', 'udon noodle salad', 'pickle', 'home fries', 'beet salad', 'ice cream', 'guacamole', 'fruit', 'brussel sprouts', 'hash browns', 'sweet potato fries', 'Caesar salad', 'potato salad', 'meat substitutes', 'milkshake', 'curry', 'Dim Sum', 'spring roll', 'curry tofu wrap', 'green lemonade', 'spinach salad', 'arugultaco salad', 'melted cheese', 'broccoli rabe', 'vegpizza', 'fake meat', 'dairy']",4.666666666666667
nFFCuRvcmvStV4Mwl6gFBg,Veggie Lovers,3.5,137,19107,"['waffle', 'appetizer', 'jam', 'pizza', 'udon noodle salad', 'pickle', 'guacamole', 'hash browns', 'Caesar salad', 'meat substitutes', 'milkshake', 'curry', 'spring roll', 'curry tofu wrap', 'green lemonade', 'spinach salad', 'vegpizza', 'fake meat', 'dairy']",5.0
n_RGE_Wn5L7phnlkQ919kQ,Dottie's Donuts,4.5,97,19147,"['waffle', 'hash browns', 'appetizer', 'Boston Cream', 'curry', 'milkshake', 'jam', 'spring roll', 'pizza', 'curry tofu wrap', 'udon noodle salad', 'vegpizza', 'fake meat', 'Oreo']",4.0
nl_La1sCrZG0xq0HNt4WsQ,Gianna's Grille,3.5,78,19147,"['waffle', 'hash browns', 'appetizer', 'milkshake', 'jam', 'pizza', 'curry tofu wrap', 'sandwich', 'udon noodle salad', 'fake meat', 'taco salad']",4.0
oHR6VtJaFg2rBSFvoEWqrg,Falafel Hummus & Juice Bar,4.0,118,19125,"['waffle', 'hash browns', 'appetizer', 'milkshake', 'curry', 'Hummus', 'jam', 'spring roll', 'pizza', 'curry tofu wrap', 'Falafel', 'udon noodle salad', 'pickle', 'vegpizza', 'meat substitutes', 'fake meat', 'dairy', 'guacamole']",5.0
oXjSx3T9NeWRKMDBFt1ZZQ,The Latest Dish,4.5,108,19147,"['waffle', 'hash browns', 'appetizer', 'Knob Creek', 'milkshake', 'curry', 'jam', 'Mac&Cheese', 'pizza', 'spring roll', 'sandwich', 'curry tofu wrap', 'udon noodle salad', 'Tofu Spring Rolls', 'vegpizza', 'meat substitutes', 'fake meat']",5.0
od_hjW02Xy-TAhtUdupBsA,Farina pasta and Noodle,4.5,24,19103,"['waffle', 'hash browns', 'pizza', 'curry tofu wrap', 'taco salad']",5.0
of-GVqY0G_UDHXT9Xg_ADQ,Charlie Was a Sinner,4.0,1039,19107,"['Vedge', 'waffle', 'pasta', 'appetizer', 'faux meat', 'burrito', 'meat substitute', 'bananwhip', 'jam', 'cupcake', 'udon noodle salad', 'cookie', 'pickle', 'buffalo sauce', 'home fries', 'beet salad', 'Spring rolls', 'iced coffee', 'guacamole', 'fruit', 'brussel sprouts', 'ice cream', 'hash browns', 'sweet potato fries', 'pancake', 'soda', 'cheese fries', 'celery', 'potato salad', 'Caesar salad', 'Spring Roll', 'green tea', 'meat substitutes', 'eggplant dish', 'milkshake', 'pickled cauliflower', 'mozzarellsticks', 'vanillice cream', 'spring roll', 'cherry', 'curry tofu wrap', 'Mac&Cheese', 'chocolate chip cookie', 'pepper', 'capers', 'green lemonade', 'spinach salad', 'gluten free bread', 'frozen yogurt', 'arugultaco salad', 'melted cheese', 'brownie', 'fried tofu', 'cucumber salad', 'carrot', 'vegpizza', ""Charlie's Punch"", 'Caramelized Eggplant Bao Buns', 'fake meat', 'dairy', 'taco']",4.0
opjF_JN6Kpr5zWxBhkGC7w,Mammoth Coffee,4.0,33,19123,"['waffle', 'hash browns', 'pizza', 'curry tofu wrap', 'sandwich', 'taco salad']",4.0
ovWd_lbvnK1dQSkSkQRfpg,Benna's Cafe,4.0,97,19147,"['waffle', 'hash browns', 'appetizer', 'milkshake', 'curry', 'Hummus', 'jam', 'spring roll', 'pizza', 'curry tofu wrap', 'udon noodle salad', 'vegpizza', 'fake meat']",4.5
owa7WsRu__bm-UYK6KRVkg,Bombay Dhabba - Philadelphia,4.0,12,19104,"['waffle', 'hash browns', 'sweet potato fries', 'curry tofu wrap']",4.0
p_jAxXl-PBzfOjuMmig55g,Pita Chip,4.5,48,19104,"['waffle', 'hash browns', 'jam', 'pizza', 'curry tofu wrap', 'sandwich', 'taco salad']",5.0
pdXEjhNzy5YERGk_wBA9Lw,Avenue Cup Cafe,4.0,21,19147,"['waffle', 'hash browns', 'pizza', 'curry tofu wrap']",5.0
peeXG1Ra-DClPQv14jvKvg,Square on Square,3.5,246,19103,"['waffle', 'appetizer', 'bananwhip', 'jam', 'pizza', 'udon noodle salad', 'pickle', 'beet salad', 'Pad Thai', 'ice cream', 'guacamole', 'brussel sprouts', 'hash browns', 'sweet potato fries', 'Duck Sauce', 'potato salad', 'Caesar salad', 'meat substitutes', 'Spring Roll', 'Crispy Spring Roll', 'Fortune Cookies', 'milkshake', 'curry', 'spring roll', 'curry tofu wrap', 'Oolong Tea', 'green lemonade', 'spinach salad', 'Won Ton Soup', 'broccoli rabe', 'vegpizza', 'fake meat', 'dairy']",4.5
phQZ65kaARzcL1fAquR8LQ,Breezy's Cafe,4.5,96,19146,"['waffle', 'hash browns', 'appetizer', 'curry', 'milkshake', 'jam', 'spring roll', 'pizza', 'curry tofu wrap', 'udon noodle salad', 'vegpizza', 'fake meat']",4.0
phsLOuBeiYI43hglvWK96Q,P S & Co,4.0,437,19103,"['waffle', 'appetizer', 'bananwhip', 'jam', 'udon noodle salad', 'cookie', 'pickle', 'home fries', 'beet salad', 'Pad Thai', 'ice cream', 'guacamole', 'fruit', 'brussel sprouts', 'hash browns', 'sweet potato fries', 'soda', 'cheese fries', 'celery', 'Caesar salad', 'potato salad', 'meat substitutes', 'milkshake', 'pickled cauliflower', 'curry', 'mozzarellsticks', 'Pot de Creme', 'vanillice cream', 'spring roll', 'cherry', 'curry tofu wrap', 'Mac&Cheese', 'green lemonade', 'spinach salad', 'melted cheese', 'carrot', 'broccoli rabe', 'vegpizza', 'kale lemonade', 'fake meat', 'dairy', 'taco']",4.0
qP954Yf1Qa5Ckkw4RU6w7A,DOHO Taqueria,4.5,31,19119,"['waffle', 'hash browns', 'curry tofu wrap', 'pizza', 'taco salad']",5.0
qaDImxPguQz0jToNYvB1Eg,Café y Chocolate,4.5,369,19145,"['waffle', 'appetizer', 'bananwhip', 'jam', 'pizza', 'udon noodle salad', 'pico de gallo', 'pickle', 'home fries', 'beet salad', 'ice cream', 'guacamole', 'fruit', 'brussel sprouts', 'hash browns', 'sweet potato fries', 'potato salad', 'Caesar salad', 'meat substitutes', 'Tres Leches', 'curry', 'pickled cauliflower', 'mozzarellsticks', 'milkshake', 'spring roll', 'curry tofu wrap', 'green lemonade', 'spinach salad', 'arugultaco salad', 'melted cheese', 'broccoli rabe', 'vegpizza', 'kale lemonade', 'fake meat', 'dairy', 'taco']",5.0
qcguEeAMP0XwFLYqhwX2hg,Sweet Freedom Bakery,3.5,316,19146,"['waffle', 'appetizer', 'bananwhip', 'jam', 'pizza', 'udon noodle salad', 'pickle', 'beet salad', 'ice cream', 'guacamole', 'fruit', 'brussel sprouts', 'hash browns', 'sweet potato fries', 'Caesar salad', 'potato salad', 'meat substitutes', 'milkshake', 'curry', 'spring roll', 'curry tofu wrap', 'green lemonade', 'spinach salad', 'melted cheese', 'broccoli rabe', 'vegpizza', 'fake meat', 'dairy']",4.5
qesrSLuacbxAcLz0P6DBVQ,Little Baby's Ice Cream-East Market Palace,4.5,19,19107,"['waffle', 'hash browns', 'sweet potato fries', 'curry tofu wrap', 'pizza']",4.0
r3X75SK37buS94mDls3q_Q,Real Food Eatery,4.5,279,19102,"['waffle', 'appetizer', 'bananwhip', 'jam', 'pizza', 'udon noodle salad', 'pickle', 'beet salad', 'ice cream', 'guacamole', 'brussel sprouts', 'hash browns', 'sweet potato fries', 'Caesar salad', 'potato salad', 'meat substitutes', 'milkshake', 'curry', 'spring roll', 'curry tofu wrap', 'green lemonade', 'spinach salad', 'broccoli rabe', 'vegpizza', 'fake meat', 'dairy']",5.0
rOh8NovXVn48p8I-ZYEpQA,sweetgreen,4.0,213,19103,"['waffle', 'appetizer', 'bananwhip', 'jam', 'pizza', 'udon noodle salad', 'pickle', 'beet salad', 'ice cream', 'guacamole', 'brussel sprouts', 'hash browns', 'sweet potato fries', 'fake chicken', 'Caesar salad', 'potato salad', 'meat substitutes', 'milkshake', 'curry', 'spring roll', 'curry tofu wrap', 'green lemonade', 'spinach salad', 'vegpizza', 'Harvest Bowl', 'fake meat', 'dairy']",5.0
rQKL-bO8Xup4gCPcj_oz6w,PlantPure Cafe,4.5,59,19107,"['waffle', 'hash browns', 'milkshake', 'jam', 'pizza', 'curry tofu wrap', 'sandwich', 'udon noodle salad', 'taco salad']",4.0
rhdzgIxt3PikpHXm_QNCew,Animo Juice,4.0,272,19103,"['waffle', 'appetizer', 'bananwhip', 'jam', 'pizza', 'udon noodle salad', 'pico de gallo', 'pickle', 'beet salad', 'ice cream', 'guacamole', 'brussel sprouts', 'hash browns', 'sweet potato fries', 'potato salad', 'Caesar salad', 'meat substitutes', 'milkshake', 'curry', 'spring roll', 'curry tofu wrap', 'green lemonade', 'spinach salad', 'BananWhip', 'broccoli rabe', 'vegpizza', 'fake meat', 'dairy']",4.6
sKeSTwY0eqZVSKbh70SYvw,Panda Cafe,4.5,47,19145,"['waffle', 'hash browns', 'jam', 'curry tofu wrap', 'pizza', 'sandwich', 'taco salad']",4.0
saS9fXK4BRcXOly3f3S_bg,Robeks,3.5,34,19107,"['waffle', 'hash browns', 'curry tofu wrap', 'pizza', 'sandwich', 'taco salad']",5.0
tuBPp6lhttLhCPZ8zHh-og,Crisp,3.5,39,19103,"['waffle', 'hash browns', 'pizza', 'curry tofu wrap', 'sandwich', 'taco salad']",5.0
u-xGrOvBv1bxtpAHk-SZ5w,Vegan Commissary,4.5,144,19145,"['waffle', 'appetizer', 'jam', 'pizza', 'udon noodle salad', 'pickle', 'mac and cheese ball', 'guacamole', 'hash browns', 'Caesar salad', 'meat substitutes', 'curry', 'milkshake', 'Mac&Cheese', 'spring roll', 'curry tofu wrap', 'green lemonade', 'spinach salad', 'Mac and Cheese Ball', 'vegpizza', 'fake meat', 'dairy']",5.0
v92xgVl-BH_pQM486ea-9g,Greens and Grains,5.0,14,19103,"['waffle', 'hash browns', 'sweet potato fries', 'curry tofu wrap', 'pizza']",5.0
vEfA3V3pCrnigUFlLJ3gLw,Gleaner's Cafe,4.5,140,19147,"['waffle', 'appetizer', 'jam', 'pizza', 'udon noodle salad', 'pickle', 'guacamole', 'hash browns', 'Caesar salad', 'meat substitutes', 'milkshake', 'curry', 'spring roll', 'curry tofu wrap', 'green lemonade', 'spinach salad', 'vegpizza', 'fake meat', 'dairy']",4.0
vKewfGh-UuMpDbZTbz1KeA,Spice End: South Street,4.0,26,19147,"['waffle', 'hash browns', 'pizza', 'curry tofu wrap', 'taco salad']",5.0
vsjZ6QzDk-gZwh3b1a9r0A,Horn & Hardart Coffee,4.0,13,19103,"['waffle', 'hash browns', 'sweet potato fries', 'pizza', 'curry tofu wrap']",5.0
w9hS5x1F52Id-G1KTrAOZg,Wiz Kid,4.5,163,19103,"['waffle', 'appetizer', 'jam', 'pizza', 'udon noodle salad', 'pickle', 'ice cream', 'guacamole', 'hash browns', 'potato salad', 'Caesar salad', 'meat substitutes', 'curry', 'milkshake', 'spring roll', 'curry tofu wrap', 'Daiya', 'green lemonade', 'spinach salad', 'vegpizza', 'fake meat', 'dairy']",4.0
wPSQ2EGGlpTpjC4fsICQsg,Batter & Crumbs Vegan Bakery and Cafe,4.5,77,19146,"['waffle', 'hash browns', 'appetizer', 'milkshake', 'jam', 'Mac&Cheese', 'pizza', 'curry tofu wrap', 'sandwich', 'udon noodle salad', 'fake meat', 'taco salad']",4.0
wSuEwNNOTSH8LJcH1PJAYg,Mina's World,4.5,19,19143,"['waffle', 'hash browns', 'sweet potato fries', 'curry tofu wrap', 'pizza']",4.0
wc2XgFV0HnvgF127QHkSNw,Watkins Drinkery,4.0,145,19148,"['waffle', 'appetizer', 'jam', 'pizza', 'udon noodle salad', 'pickle', 'guacamole', 'hash browns', 'potato salad', 'Caesar salad', 'meat substitutes', 'curry', 'milkshake', 'spring roll', 'curry tofu wrap', 'green lemonade', 'spinach salad', 'vegpizza', 'fake meat', 'dairy']",5.0
wnTVzPN7A6q1FZHI6a3FyQ,Hip City Veg,4.0,13,19106,"['waffle', 'hash browns', 'sweet potato fries', 'curry tofu wrap', 'pizza']",4.0
wuH4TPUo8oJo4E59xZKsNg,&pizza - Walnut,4.5,364,19102,"['waffle', 'appetizer', 'bananwhip', 'jam', 'pizza', 'udon noodle salad', 'pickle', 'home fries', 'beet salad', 'ice cream', 'guacamole', 'fruit', 'brussel sprouts', 'hash browns', 'sweet potato fries', 'cheese fries', 'potato salad', 'Caesar salad', 'meat substitutes', 'milkshake', 'pickled cauliflower', 'curry', 'mozzarellsticks', 'spring roll', 'curry tofu wrap', 'green lemonade', 'spinach salad', 'arugultaco salad', 'melted cheese', 'broccoli rabe', 'vegpizza', 'kale lemonade', 'fake meat', 'dairy', 'taco']",5.0
xMJVdJLw6b5_DfJQwqaHcQ,Snap Kitchen,4.0,60,19106,"['waffle', 'hash browns', 'milkshake', 'jam', 'pizza', 'curry tofu wrap', 'sandwich', 'udon noodle salad', 'fake meat', 'taco salad']",5.0
xWxn5wmpSNUVKvyTuVdVJg,Beefsteak,4.0,27,19104,"['waffle', 'hash browns', 'curry tofu wrap', 'pizza', 'taco salad']",5.0
y7WPOc2_vCoBkwK3xPJ8XA,Unit Su Vege,4.5,129,19130,"['waffle', 'hash browns', 'appetizer', 'milkshake', 'curry', 'jam', 'Dim Sum', 'pizza', 'curry tofu wrap', 'spring roll', 'udon noodle salad', 'pickle', 'vegpizza', 'Caesar salad', 'meat substitutes', 'fake meat', 'dairy', 'guacamole']",5.0
yFpOyYTVc2p2I-vNxe4nQw,Cafe Chismosa,4.5,139,19123,"['waffle', 'appetizer', 'jam', 'pizza', 'udon noodle salad', 'pickle', 'guacamole', 'hash browns', 'Caesar salad', 'meat substitutes', 'curry', 'milkshake', 'Cubano', 'spring roll', 'curry tofu wrap', 'green lemonade', 'spinach salad', 'vegpizza', 'fake meat', 'dairy']",4.0
yfRWuLFs-mp9GbG82yyeTQ,Pita Pit,3.5,63,19103,"['waffle', 'hash browns', 'milkshake', 'jam', 'pizza', 'curry tofu wrap', 'sandwich', 'udon noodle salad', 'fake meat', 'taco salad']",4.0
